,PID,Condition,Starting Task,Starting Interruption,a_i_name,a_i_count,a_i_percentage,a_i_time,a_i_times,a_p_name,a_p_count,a_p_correctness,a_p_time,a_p_times,a_p_percentage,a_p_percentage100,a_p_resumption,a_p_resumptions,a_p_interruptions,a_p_movestotal,a_p_moveinterruptedtime,tr_i_name,tr_i_count,tr_i_percentage,tr_i_time,tr_i_times,tr_p_name,tr_p_count,tr_p_correctness,tr_p_time,tr_p_times,tr_p_percentage,tr_p_percentage100,tr_p_resumption,tr_p_resumptions,tr_p_interruptions,tr_p_movestotal,tr_p_moveinterruptedtime,te_i_name,te_i_count,te_i_percentage,te_i_time,te_i_times,te_p_name,te_p_count,te_p_correctness,te_p_time,te_p_times,te_p_percentage,te_p_percentage100,te_p_resumption,te_p_resumptions,te_p_interruptions,te_p_movestotal,te_p_moveinterruptedtime
0,265411-861179,1,2,2,math,8,1.0,4.073436624999999,"[4.073436624999999, 2.15437475, 2.8553710909090904, 2.0156234545454543, 2.6397641764705884, 2.5291368888888894]",hanoi,20,N/A,121.241196,6.0620598,N/A,N/A,6.4755985,"[5.1439, 10.0345, 2.972499, 7.751495]",4,11.85,6.4755985,math,9,1.0,4.031236444444445,"[4.031236444444445, 2.5642833333333335, 1.7939128421052628, 2.241800066666667, 3.5814989166666673]",draw,20,19.0,18.05293833333333,"[0.95, 0.9625, 0.9625, 0.8125, 0.95]",0.95,0.9,17.801383157894737,"[43.24446, 17.236, 12.3454, 27.9698, 14.36261, 12.64691, 11.0528, 18.43319, 32.26165, 13.93341, 14.01701, 13.30291, 13.14921, 15.8674, 12.45032, 24.90068, 11.2784, 14.8268, 14.94732]",NA,uncollected,17.801383157894737,math,15,1.0,3.022693,"[3.022693, 1.8738332083333331, 2.591281583333333, 1.8230583333333332, 2.0988634545454548, 2.377496631578948]",hanoi,20,N/A,415.8969899,20.794849495,N/A,N/A,1.792659439224138,"[4.635398, 2.7826, 2.352701, 1.2831, 1.5685, 1.5943, 1.5017, 1.2798, 1.956, 3.977798, 0.9659, 1.583, 1.199, 2.9319, 1.183, 1.3011, 5.288001, 1.7314, 1.5177, 1.3152, 1.0861, 1.1795, 1.183, 1.3322, 1.4684, 1.2976, 1.4681, 1.0819, 1.2166, 1.2863, 1.7305, 1.4506, 1.5646, 3.317899, 1.2839, 7.2665, 1.334, 1.2639, 1.7504, 1.8985, 1.1494, 3.0997, 1.4464, 2.0859, 1.8149, 1.5143, 1.7993, 1.2987, 0.9696, 1.6138, 3.234499, 1.0124, 1.4171, 1.2998, 1.3812, 1.2024, 1.236, 1.3617, 1.2356, 1.7973, 1.6159, 4.537601, 1.7008, 1.1825, 1.5318, 1.7849, 1.5044, 1.482, 1.4108, 1.3005, 1.3364, 2.0294, 3.7007, 1.1989, 1.4512, 1.0359, 1.4478, 1.2472, 2.266099, 3.241801, 1.3608, 1.3996, 1.267, 1.2012, 1.3349, 1.7952, 1.9596, 1.4015, 1.3001, 1.3155, 3.0249, 2.0819, 1.3501, 1.1341, 1.4996, 5.1341, 1.1171, 1.0996, 1.3879, 1.8443, 1.2827, 2.1017, 6.437596, 1.797901, 1.2667, 1.4649, 1.9824, 1.0538, 1.3834, 1.279, 1.5832, 1.0823, 2.4008, 1.5659, 0.9657999, 2.0365, 1.5132, 1.7647, 2.5755, 1.2326, 1.3331, 1.0045, 1.6125, 1.4331, 1.6146, 5.458101, 1.4666, 2.906099, 1.5191, 1.4305, 2.1487, 1.3338, 1.0493, 1.4654, 1.2851, 1.2654, 1.6993, 1.9335, 4.1307, 2.168101, 1.233, 1.8354, 2.426699, 1.2665, 1.2183, 1.3475, 1.2679, 1.2663, 1.2504, 1.6661, 1.3533, 1.8615, 1.3341, 1.7821, 1.4833, 1.2482, 1.3165, 1.6838, 2.8997, 1.4981, 1.3501, 1.3989, 1.7003, 2.8741, 1.048, 1.3678, 1.7857, 1.4486, 1.1815, 1.7835, 1.3528, 1.2648, 1.931599, 1.0317, 1.1508, 1.7334, 5.967501, 2.2005, 1.4494, 1.5164, 1.4821, 1.3156, 2.6162, 1.5194, 1.597, 1.2338, 1.1491, 1.6877, 1.2961, 1.3501, 1.5978, 1.7522, 2.7802, 0.7673, 0.9173, 1.1519, 1.0643, 1.3331, 1.2016, 1.3962, 1.2825, 1.0844, 0.9990001, 2.0179, 3.1357, 4.098699, 3.4485, 2.4056, 2.425699, 2.7158, 1.8526, 6.113799, 1.434, 1.466, 1.4161, 6.036398, 1.9949, 1.516201, 1.0198, 1.5313, 1.2315, 1.1004, 0.9007002, 0.9322999, 1.8982, 1.3523, 0.9970998, 1.5824, 1.2044, 1.646, 1.4668, 2.1826]",232,11.6,17.801383157894737
1,291505-498213,2,1,2,math,20,0.9,2.15437475,"[4.073436624999999, 2.15437475, 2.8553710909090904, 2.0156234545454543, 2.6397641764705884, 2.5291368888888894]",draw,20,16.5,6.488548571428572,"[0.825, 0.975, 0.95, 0.85, 0.975, 0.875, 0.9]",0.825,0.7,8.226159599999999,"[12.0569, 7.114303, 7.348698, 9.961198, 4.649699]",NA,uncollected,8.226159599999999,stroop,25,0.96,1.8296639200000004,"[1.8296639200000004, 1.791971152, 1.5319549625000004, 1.90661988]",draw,20,19.25,5.870914473684211,"[0.95, 0.9625, 0.9625, 0.8125, 0.95]",0.9625,0.95,6.364599842105263,"[17.80392, 5.0485, 5.985198, 5.3637, 5.433699, 7.963898, 6.249098, 4.9833, 6.6321, 5.181398, 6.477795, 5.363198, 4.9667, 6.132501, 5.382799, 7.497296, 4.452197, 4.5439, 5.4662]",NA,uncollected,6.364599842105263,math,24,1.0,1.8738332083333331,"[3.022693, 1.8738332083333331, 2.591281583333333, 1.8230583333333332, 2.0988634545454548, 2.377496631578948]",draw,20,19.5,6.716273578947368,"[0.975, 1.0, 0.95, 0.8875, 0.8625, 0.975, 1.0]",0.975,0.95,6.900229900000001,"[5.324101, 4.081898, 6.099597, 5.015697, 5.252299, 10.3954, 5.800097, 5.8282, 6.362499, 5.434197, 4.532199, 4.631599, 6.515399, 8.0811, 8.563197, 8.495599, 13.80632, 9.2465, 8.244301, 6.294399]",NA,uncollected,6.364599842105263
2,300036-536245,2,2,2,math,11,0.9090909090909091,2.8553710909090904,"[4.073436624999999, 2.15437475, 2.8553710909090904, 2.0156234545454543, 2.6397641764705884, 2.5291368888888894]",hanoi,20,N/A,104.6493686,5.23246843,N/A,N/A,3.53154875,"[3.928598, 3.088, 2.634698, 4.474899]",4,16.7,3.53154875,stroop,25,0.96,1.791971152,"[1.8296639200000004, 1.791971152, 1.5319549625000004, 1.90661988]",hanoi,20,N/A,415.5007458000002,20.775037290000007,N/A,N/A,1.3145225891025645,"[1.980998, 0.8399999, 0.7338001, 3.168199, 1.854099, 0.8141001, 1.0937, 1.840599, 2.067698, 0.6537, 0.9205, 0.6267, 0.587, 0.5071999, 0.6536, 0.8802, 6.322701, 0.9071999, 0.5470999, 0.6817001, 0.5054, 0.4804, 0.7735, 2.274399, 1.0272, 0.9071002, 0.5603, 0.5069999, 2.327899, 1.920798, 0.9071, 1.2406, 0.4804, 4.862199, 3.321498, 0.7608, 1.826999, 1.201, 0.7468001, 5.415799, 0.6269, 0.6001999, 0.8403999, 4.449199, 0.9470998, 0.7737001, 4.3621, 0.8936, 0.8538, 2.494399, 0.8005002, 1.0405, 0.9203001, 0.6273, 0.9200001, 1.174, 1.907598, 0.8807001, 0.7207, 1.0001, 1.226999, 2.427498, 1.0006, 2.001098, 0.7738002, 1.920498, 0.8941001, 0.6665999, 0.5338, 0.7600999, 0.8136999, 0.8941, 0.5733, 2.401599, 0.6531001, 0.4804, 0.4936, 0.7202001, 6.129299, 1.5342, 0.5734, 1.2138, 0.7207999, 2.800899, 1.627299, 1.280599, 0.5869999, 0.5338, 1.1335, 1.0141, 0.6401001, 0.6535, 2.847999, 1.587599, 1.0135, 0.6139998, 0.5200999, 0.507, 0.6133, 1.667699, 0.8134, 0.7206, 0.7602, 0.6936, 2.074498, 1.2273, 0.9071001, 0.6936001, 0.734, 0.6004, 0.76, 0.587, 0.8267999, 7.690804, 0.8268, 0.7068001, 1.3346, 2.047198, 0.5606, 0.4933, 0.7204, 1.619999, 1.2139, 0.6003, 0.5602999, 0.5472, 0.5203, 0.8934001, 0.4804, 0.7468001, 3.368099, 0.5471, 1.2271, 1.4407, 1.094, 0.9869001, 2.201098, 1.854098, 0.8673001, 1.814098, 2.8679, 1.1073, 1.400899, 1.3069, 0.7605001, 1.320699, 1.1206, 0.7204999, 0.7868, 2.4945, 0.8139001, 0.9735999, 0.9467001, 0.8405, 2.468099, 0.5602999, 0.7867, 1.3738, 0.4671, 0.747, 0.5201, 0.7872001, 2.107498, 1.3071, 0.7874, 0.7332999, 0.6406, 0.6408001, 0.5464, 0.827, 2.288399, 1.0804, 0.6536, 0.6268999, 0.5202, 0.8670999, 0.5869001, 0.6673001, 2.675199, 24.54448, 2.074698, 0.5739, 2.374299, 0.8402998, 1.293699, 1.2806, 3.348199, 0.7340001, 1.400399, 0.6672, 0.627, 0.6267001, 0.6267999, 0.5740001, 0.6802999, 0.8533, 0.4804999, 0.6535, 0.4802999, 0.6137, 0.5600001, 0.8938, 3.928498, 3.041099, 0.5201999, 0.6405001, 1.0003, 1.1875, 0.7067, 0.9336999, 0.5738999, 0.6271001, 0.5064999, 0.6671999, 0.5602998, 0.5737, 0.5865, 0.9879999, 0.5996, 0.5738, 0.6667, 0.7738, 0.5736, 0.9072999, 2.608498, 0.9602, 0.6272999, 0.6934, 3.441899, 0.5333999, 0.6399999, 0.4939001, 0.7870001, 0.5867, 0.6405, 4.195099, 0.6669, 0.627, 0.6403, 0.5202, 1.587299, 0.7604, 2.014298, 0.9605001, 0.7068999, 0.5736, 0.8938, 1.941298, 2.281098, 0.6402, 1.0008, 1.0668, 0.6402999, 0.7204999, 0.6804, 0.5999001, 1.427499, 0.6537999, 0.6803, 4.241599, 0.6804001, 1.414299, 0.5602, 0.6268999, 0.6668, 0.6535999, 3.194499, 1.774399, 0.6935999, 0.5600001, 0.6405998, 0.9200999, 1.867899, 0.5465999, 0.6407, 1.2002, 0.6002001, 2.040998, 0.5736001, 0.7605, 0.6002, 0.5336, 0.8802, 18.57546, 2.721099, 1.587599, 1.413799, 0.6273, 1.387299, 0.6936999, 2.407498, 1.880898, 0.8137, 0.8936999, 2.134198, 0.5206, 2.507497, 1.0938, 0.6937001, 0.7869999, 0.6537, 0.5469, 0.7473999, 0.6265, 0.6538, 0.9337, 0.5603999, 1.0405, 0.7201, 0.8404, 0.4804, 1.587099]",312,16.3,1.3145225891025645,math,12,0.9166666666666666,2.591281583333333,"[3.022693, 1.8738332083333331, 2.591281583333333, 1.8230583333333332, 2.0988634545454548, 2.377496631578948]",hanoi,20,N/A,321.86190150000004,16.093095075,N/A,N/A,1.358067094936709,"[2.047699, 4.708699, 1.3204, 0.9606001, 0.4934, 5.7158, 0.8269001, 4.675001, 0.7335, 0.6938001, 0.6537001, 2.481498, 0.9600001, 0.6003, 0.6138, 0.7068001, 0.6803001, 1.640899, 1.447699, 1.387099, 1.2675, 0.8534999, 1.561099, 1.693999, 0.8134001, 0.7871, 0.9741001, 0.7068999, 0.7068, 0.8671001, 1.2405, 1.574399, 0.6533, 0.6939, 0.6133, 0.5874999, 0.7733999, 7.976802, 0.6937, 4.1425, 0.6401001, 3.027998, 0.5871, 0.5737, 0.6935002, 0.6402, 0.5339, 0.7067998, 2.567099, 0.9871, 0.5469999, 0.7337, 0.4669, 1.240399, 0.9738, 0.6403, 0.5342, 0.6396, 1.1606, 0.5471, 0.9070001, 2.849398, 0.6266, 0.6804001, 2.687499, 2.081198, 0.8935, 1.387199, 0.5072, 0.6666, 1.861099, 0.6, 2.261099, 1.094, 0.6535, 4.2152, 0.8405001, 1.1873, 1.920698, 3.882, 1.0137, 1.333899, 0.7871, 0.8139001, 0.547, 1.627299, 2.934599, 0.8273, 1.560399, 0.5603999, 0.6001999, 0.5867, 0.6004999, 0.5868, 0.4936, 1.614099, 6.2894, 0.7605001, 1.907699, 0.6267999, 1.0405, 0.5735, 1.640899, 0.6402, 0.6936, 3.9287, 0.7868001, 1.0277, 0.7065001, 0.5736, 0.5602, 0.6669, 0.6137, 5.402501, 1.2213, 1.1202, 22.38969, 1.0539, 1.654199, 0.6670001, 1.387199, 1.1738, 0.5336, 0.7605, 0.6667999, 1.240599, 0.9872001, 1.760699, 0.7204, 1.681099, 0.9333001, 3.161699, 1.400499, 0.9072001, 0.5735, 1.627399, 2.200899, 2.788799, 0.5861999, 0.5336, 0.8005999, 0.5599001, 0.8537999, 0.5871, 0.9336001, 0.6269, 1.2677, 0.6667001, 0.6137, 0.5603999, 0.6537001, 3.9156, 1.787398, 0.5469999, 0.6400999, 0.7737, 1.0137, 0.9870001, 0.5603999, 1.6407, 0.6536, 0.7336, 0.7337999, 1.0271, 0.5072, 0.7999, 1.380899, 3.3688, 1.0805, 1.1737, 0.6402, 0.6804, 0.6537001, 0.7470001, 0.6271001, 0.5733999, 0.7070001, 1.0673, 0.8269, 1.560899, 0.8937, 0.5869, 0.6936999, 0.5869999, 0.8135, 0.8404001, 0.707, 19.32226, 2.8215, 0.6405, 0.8668, 0.6001999, 0.8137999, 0.6405001, 0.5069, 1.2804, 0.6938999, 0.4935, 0.6267, 1.1338, 0.6538001, 0.5734, 0.587, 4.062099, 0.7870999, 0.5868999, 0.5469, 0.6004001, 0.7603, 0.5199, 0.6005, 0.5334998, 0.6138, 0.5867, 0.6802, 1.981099, 0.5334001, 3.474899, 1.1737, 0.5603999, 0.6668, 0.8670999, 0.6269001, 0.6802999, 2.434497, 1.574099, 0.8537001, 0.4802999, 0.6936001, 0.5203, 1.587199, 0.587, 0.4942, 0.6932, 0.7738999, 0.5872, 0.7996999]",237,11.85,1.3145225891025645
3,572674-690884,1,1,1,stroop,22,0.9545454545454546,1.980618545454545,"[1.980618545454545, 1.4374709709677422, 2.5669991874999996]",draw,20,19.5,8.513799473684212,"[0.825, 0.975, 0.95, 0.85, 0.975, 0.875, 0.9]",0.975,0.95,11.1931462,"[15.03663, 7.619491, 7.752986, 8.236584, 17.32004]",NA,uncollected,11.1931462,stroop,24,0.9583333333333334,1.5319549625000004,"[1.8296639200000004, 1.791971152, 1.5319549625000004, 1.90661988]",hanoi,20,N/A,688.8920246000007,34.44460123000003,N/A,N/A,1.8833929274725292,"[1.804601, 2.303601, 5.133392, 1.316601, 2.099901, 3.900099, 2.4168, 1.616501, 2.3665, 3.1668, 7.216787, 1.1665, 1.3167, 1.2001, 1.0833, 2.4833, 2.650101, 2.8499, 1.266701, 3.549998, 1.1667, 1.0332, 2.133401, 1.583301, 1.0502, 1.383201, 1.2502, 1.0997, 1.750101, 3.483099, 1.1835, 1.05, 1.0834, 1.15, 0.9498, 1.1835, 3.802899, 2.166701, 2.066701, 10.22037, 2.4662, 1.833401, 1.2334, 1.800101, 3.999898, 1.383401, 2.7831, 1.05, 2.967, 1.0164, 0.9668001, 1.0167, 2.25, 1.0168, 1.283201, 1.0333, 1.783301, 1.450101, 3.883097, 0.9168002, 0.9831001, 3.750199, 1.1498, 1.1002, 2.3332, 0.8837001, 1.0497, 0.9835002, 1.0499, 4.203497, 1.833301, 2.9999, 4.399897, 1.350201, 1.1, 1.0385, 1.1282, 1.1665, 3.933597, 0.9663001, 1.0338, 3.549599, 1.15, 1.2001, 0.8999003, 0.8503001, 0.9164002, 0.9834001, 0.8500001, 3.753397, 4.466496, 1.0338, 0.9663, 1.0685, 0.9980003, 0.8670002, 0.9665003, 0.9333, 1.869901, 8.933286, 3.783298, 1.383301, 5.550194, 1.0667, 2.1664, 1.750001, 2.6667, 1.716601, 3.683398, 1.400101, 4.933193, 3.1502, 5.399895, 3.116699, 0.8165002, 1.516701, 1.1668, 3.299899, 1.916801, 4.466295, 1.3168, 1.0667, 3.933198, 2.6501, 0.8000003, 1.383401, 0.8666, 0.9666001, 0.8500002, 4.450197, 0.8500001, 0.9164999, 2.4, 0.9333, 0.8168, 0.8834, 1.0001, 2.020501, 3.733099, 1.466701, 1.1001, 0.9832002, 0.8835002, 1.683301, 5.483192, 4.749897, 1.0501, 0.7667001, 0.8001, 1.0334, 0.9666001, 0.9333002, 4.570096, 1.0331, 2.6169, 5.699891, 1.0835, 0.8331002, 4.933297, 5.383392, 2.933399, 1.0, 5.500095, 1.150301, 0.7663002, 8.849982, 1.633301, 2.3501, 1.916501, 1.800101, 1.0166, 1.116801, 1.266501, 2.216501, 1.316801, 1.05, 0.9502, 0.9997002, 1.0335, 1.716601, 2.516701, 0.8333, 1.366701, 4.4999, 0.9167002, 1.933501, 3.3166, 1.0332, 0.8499002, 0.9334001, 0.8667002, 3.953199, 5.634393, 6.082294, 1.0668, 0.7999002, 0.6500001, 0.9169002, 0.9666005, 0.8333002, 5.520695, 1.0831, 1.716601, 1.0167, 6.983492, 2.053401, 3.049999, 0.9500004, 1.316701, 1.0167, 2.016901, 1.033, 0.9502001, 2.316399, 3.966698, 7.433488, 2.183101, 1.966801, 1.0333, 1.683301, 1.150101, 0.9834002, 1.4833, 2.183301, 1.0999, 1.0, 2.950199, 0.9999002, 0.9834002, 0.8332, 0.9334002, 1.566801, 1.4166, 1.999901, 0.9168, 0.8499, 1.0833, 0.8500001, 0.9668003, 1.0999, 2.170101, 0.9167, 1.249701, 2.320402, 3.416598, 0.7833002, 0.9167001, 1.0002, 1.1332, 1.816501, 1.800101, 3.2499, 7.383288, 1.0008, 0.749, 0.7335001, 0.8834002, 0.8667001, 0.8832003, 2.103302, 1.0831, 0.9503003, 0.7999002, 0.9500002, 0.7999002, 0.8003004, 0.9830001, 1.2529, 0.8833002, 0.8504, 2.470101, 1.333401, 5.753695, 2.399701, 1.999901, 0.8834, 1.2169, 2.8998, 0.8499001, 0.8502001, 1.166801, 1.599801, 1.683601, 2.166401, 4.349997, 1.850101, 0.9499003, 0.9834002, 0.8167, 3.283199, 1.916701, 1.916501, 1.0002, 3.916698, 0.7332001, 1.017, 1.849701, 5.433295, 1.0667, 2.8166, 1.533501, 0.8999002, 0.7501001, 1.0832, 2.1, 0.7335, 0.9498001, 0.8333001, 0.8, 1.1335, 1.550101, 0.9666002, 1.0332, 2.8998, 0.8169, 0.8833002, 0.8170001, 0.8163, 0.9004002, 0.8664, 4.719596, 0.8835002, 1.1166, 0.8333002, 0.8667004, 0.8501002, 0.7997, 0.8999, 3.869799, 1.550101, 0.9002001, 0.8501002, 0.8503002, 1.2329, 3.0166, 0.9168002, 0.8001, 0.7831002, 0.7333003, 0.8167002, 0.7667001, 4.087098, 4.066498, 4.366796, 0.9833002, 3.400099, 0.9332002, 0.7499001, 0.8501, 1.083401, 1.0167, 1.1334, 2.133002, 1.317001, 1.816501, 0.8164001, 2.150201, 0.75, 0.7834001, 0.8502002, 0.9333003, 0.7667, 0.8000001, 0.8831]",364,20.4,1.8833929274725292,stroop,30,0.9333333333333333,1.5328173733333335,"[1.5328173733333335, 1.369278818181818, 2.178903857142857]",draw,20,20.0,8.0816827,"[0.975, 1.0, 0.95, 0.8875, 0.8625, 0.975, 1.0]",1.0,1.0,8.0816827,"[7.386691, 6.953084, 6.153594, 7.203089, 7.503688, 6.269892, 9.319778, 6.836692, 10.05417, 7.636885, 6.936688, 17.62014, 9.203373, 7.336385, 9.536269, 7.420185, 6.619792, 5.286793, 8.43618, 7.920286]",NA,uncollected,1.8833929274725292
4,595776-649527,2,1,1,stroop,31,0.967741935483871,1.4374709709677422,"[1.980618545454545, 1.4374709709677422, 2.5669991874999996]",draw,20,19.0,6.2028609999999995,"[0.825, 0.975, 0.95, 0.85, 0.975, 0.875, 0.9]",0.95,0.9,7.7748615999999995,"[18.38431, 4.3694, 4.9173, 7.065798, 4.1375]",NA,uncollected,7.7748615999999995,math,18,0.8333333333333334,2.5642833333333335,"[4.031236444444445, 2.5642833333333335, 1.7939128421052628, 2.241800066666667, 3.5814989166666673]",draw,20,19.25,5.938409263157895,"[0.95, 0.9625, 0.9625, 0.8125, 0.95]",0.9625,0.95,6.0534253157894735,"[4.7865, 5.4738, 4.041001, 7.557996, 5.021499, 22.99868, 4.385999, 4.1546, 8.466597, 3.5011, 8.396905, 6.006403, 3.6198, 3.528601, 5.350301, 4.383299, 3.8225, 3.483301, 6.036199]",NA,uncollected,6.0534253157894735,stroop,33,0.9393939393939394,1.369278818181818,"[1.5328173733333335, 1.369278818181818, 2.178903857142857]",draw,20,19.0,5.282,"[0.975, 1.0, 0.95, 0.8875, 0.8625, 0.975, 1.0]",0.95,0.9,5.486095150000001,"[5.660502, 7.236, 9.851096, 7.409903, 6.0092, 5.468801, 4.6289, 4.5418, 4.2695, 4.3096, 4.284298, 5.4669, 3.885299, 5.968897, 3.833401, 6.336703, 4.843301, 3.492902, 6.1186, 6.1063]",NA,uncollected,6.0534253157894735
5,699683-140095,1,1,2,math,22,1.0,2.0156234545454543,"[4.073436624999999, 2.15437475, 2.8553710909090904, 2.0156234545454543, 2.6397641764705884, 2.5291368888888894]",draw,20,17.0,6.871553933333334,"[0.825, 0.975, 0.95, 0.85, 0.975, 0.875, 0.9]",0.85,0.75,11.4903718,"[23.63872, 8.819429, 8.220554, 10.86944, 5.903716]",NA,uncollected,11.4903718,math,19,1.0,1.7939128421052628,"[4.031236444444445, 2.5642833333333335, 1.7939128421052628, 2.241800066666667, 3.5814989166666673]",hanoi,20,N/A,413.64775520000006,20.682387760000005,N/A,N/A,1.5289765806691453,"[1.72037, 2.45387, 1.43334, 0.866605, 1.967035, 2.633515, 3.28368, 0.7834197, 2.233325, 1.05051, 1.333405, 1.033265, 3.516834, 0.9667949, 0.93343, 1.01692, 1.016705, 3.350185, 2.6505, 0.6833149, 0.9665151, 0.583615, 1.366935, 0.6831251, 0.7668251, 3.45413, 1.10009, 4.083435, 4.383684, 7.937433, 0.81684, 1.28347, 0.66644, 0.8835852, 1.033395, 3.700655, 0.7831701, 0.73348, 0.866575, 0.8666749, 2.50025, 0.683675, 0.8501252, 0.516875, 1.449705, 0.71648, 0.750355, 4.720693, 0.8668601, 0.94979, 0.9002051, 0.900265, 0.5833, 0.8333849, 1.883655, 2.03354, 0.7999851, 1.43331, 0.683295, 0.500315, 0.7667149, 1.11669, 2.52019, 4.083704, 1.250395, 0.5499051, 0.9333199, 1.23337, 0.8170201, 0.8164849, 0.71689, 3.720165, 3.53373, 0.63344, 2.983485, 0.9336699, 2.833544, 1.816725, 0.6667001, 0.68374, 0.866585, 0.616555, 1.18348, 1.616825, 0.73369, 0.650025, 0.783285, 0.683355, 1.1835, 0.633135, 1.000445, 4.187513, 1.050375, 0.6999051, 0.84999, 1.08356, 1.750035, 1.717025, 0.8833449, 1.31653, 0.6334702, 0.8666651, 1.01686, 1.00017, 5.487263, 0.6999549, 1.049835, 1.017205, 2.53328, 0.600035, 1.083705, 1.21645, 2.550245, 0.8170301, 0.8332849, 0.8331152, 0.9336999, 0.6665999, 0.7336249, 0.85035, 3.370414, 0.7332799, 1.23347, 0.51639, 1.01693, 0.733365, 0.916715, 7.504394, 0.9835599, 0.9667451, 8.850988, 0.499895, 4.82051, 2.616959, 1.03338, 0.9337101, 0.86628, 0.90034, 0.8835, 2.383276, 0.7833449, 0.6336251, 0.6332399, 0.63347, 0.68354, 1.116515, 1.133655, 1.000045, 0.5332949, 0.8336399, 0.66668, 1.38344, 2.186895, 0.8167949, 1.19991, 2.120865, 1.549761, 0.66659, 1.017035, 0.716575, 1.55017, 0.66717, 2.583486, 0.5831449, 0.716995, 0.7499499, 0.9333249, 2.803679, 1.13369, 0.7331851, 0.81653, 0.817045, 0.5832949, 0.91672, 2.0705, 0.8001398, 0.9166598, 6.870565, 2.516695, 7.787354, 3.567007, 2.05008, 1.15031, 1.66658, 1.66723, 1.883195, 1.099955, 0.8669599, 2.06701, 1.03319, 1.46713, 4.51676, 7.18404, 3.43366, 2.433516, 2.450424, 1.483545, 2.83324, 0.8335098, 0.9999402, 0.8338249, 1.36668, 0.9497651, 1.883845, 0.5333451, 0.7664549, 0.5012251, 1.21565, 1.05012, 0.7001652, 0.8833449, 1.31689, 0.7335349, 0.6332301, 0.9166901, 1.903885, 1.63344, 1.117, 2.21659, 0.8169, 0.56668, 0.6001949, 1.283275, 0.6835248, 0.60018, 1.066555, 3.6539, 0.7500951, 0.7835151, 1.699715, 1.550325, 0.500335, 1.183151, 0.55013, 0.74998, 0.7170049, 0.8998151, 2.653776, 1.500535, 0.9000751, 5.733502, 0.766945, 1.04992, 3.983705, 2.550435, 0.483425, 2.91665, 2.400325, 5.700576, 1.666995, 1.41654, 0.9002849, 0.4667, 0.46677, 1.133395, 0.5833149, 1.749905, 1.050065, 0.833685, 0.7998599, 0.7500001, 1.1003, 0.516815, 1.366675, 1.300165, 0.5501749, 1.133365, 0.58328, 1.199945]",269,15.5,1.5289765806691453,math,24,0.9583333333333334,1.8230583333333332,"[3.022693, 1.8738332083333331, 2.591281583333333, 1.8230583333333332, 2.0988634545454548, 2.377496631578948]",draw,20,17.75,7.039211562499999,"[0.975, 1.0, 0.95, 0.8875, 0.8625, 0.975, 1.0]",0.8875,0.8,7.496385199999999,"[7.820753, 6.586934, 4.31977, 7.003773, 4.853375, 8.237318, 8.537389, 12.80437, 13.32229, 6.00322, 5.320633, 11.48708, 5.487176, 5.071388, 8.920613, 6.970565, 8.55351, 5.753365, 4.970125, 7.904057]",NA,uncollected,1.5289765806691453
6,720002-373476,2,1,2,math,17,1.0,2.6397641764705884,"[4.073436624999999, 2.15437475, 2.8553710909090904, 2.0156234545454543, 2.6397641764705884, 2.5291368888888894]",draw,20,19.5,7.960977157894735,"[0.825, 0.975, 0.95, 0.85, 0.975, 0.875, 0.9]",0.975,0.95,11.921859000000001,"[7.561696, 20.9754, 10.7301, 5.074099, 15.268]",NA,uncollected,11.921859000000001,stroop,25,0.88,1.90661988,"[1.8296639200000004, 1.791971152, 1.5319549625000004, 1.90661988]",draw,20,16.25,7.204212615384616,"[0.95, 0.9625, 0.9625, 0.8125, 0.95]",0.8125,0.65,8.70591989473684,"[19.5898, 5.608698, 7.995694, 7.944597, 4.842797, 14.16671, 5.393796, 21.8258, 6.943895, 5.422299, 11.93171, 6.158999, 5.992098, 5.608897, 7.260494, 7.426595, 6.410401, 4.892198, 9.997]",NA,uncollected,8.70591989473684,math,22,0.8181818181818182,2.0988634545454548,"[3.022693, 1.8738332083333331, 2.591281583333333, 1.8230583333333332, 2.0988634545454548, 2.377496631578948]",draw,20,17.25,9.158219666666668,"[0.975, 1.0, 0.95, 0.8875, 0.8625, 0.975, 1.0]",0.8625,0.75,8.69124965,"[17.52121, 6.042799, 5.740399, 8.845499, 7.710297, 10.0121, 8.829102, 10.5807, 10.9983, 7.827499, 13.31521, 7.161299, 16.0866, 5.091199, 5.191798, 6.475897, 6.810093, 5.558597, 6.181495, 7.8449]",NA,uncollected,8.70591989473684
7,911980-205001,1,1,2,math,18,0.9444444444444444,2.5291368888888894,"[4.073436624999999, 2.15437475, 2.8553710909090904, 2.0156234545454543, 2.6397641764705884, 2.5291368888888894]",draw,20,17.5,8.8207091875,"[0.825, 0.975, 0.95, 0.85, 0.975, 0.875, 0.9]",0.875,0.8,11.3882194,"[21.2005, 9.1353, 11.974, 6.403798, 8.227499]",NA,uncollected,11.3882194,math,15,1.0,2.241800066666667,"[4.031236444444445, 2.5642833333333335, 1.7939128421052628, 2.241800066666667, 3.5814989166666673]",hanoi,20,N/A,733.2008808,36.66004404,N/A,N/A,2.2910277025236594,"[7.882102, 1.4762, 2.658699, 5.397099, 1.8006, 39.0533, 3.6809, 1.2332, 1.8946, 4.6695, 2.3994, 3.1069, 1.6332, 1.661, 1.3408, 1.5904, 1.967, 2.0856, 13.88, 1.4346, 2.7322, 1.2393, 1.9979, 1.464, 4.3986, 1.5863, 1.3517, 1.8737, 1.4389, 2.8991, 1.8014, 1.5001, 2.0008, 3.466, 1.7093, 1.1461, 1.7653, 1.4043, 0.9252999, 1.6012, 9.422099, 1.3663, 3.0476, 13.11769, 6.544399, 1.6227, 4.568601, 1.5886, 1.919, 1.0779, 1.0669, 1.4311, 1.1837, 1.2151, 1.4753, 5.459702, 1.0016, 1.6379, 0.7939002, 3.554799, 1.0454, 1.1553, 1.2006, 3.564499, 2.4973, 1.2343, 0.8325001, 1.0487, 1.4913, 1.5778, 5.855197, 6.11, 1.4891, 0.8683001, 1.353, 1.4958, 2.5693, 1.2021, 4.995499, 2.1213, 1.7788, 1.5199, 2.2479, 1.2065, 1.9493, 2.4806, 7.601102, 1.1126, 1.0841, 1.3064, 4.4098, 1.2668, 0.9208001, 1.1684, 1.8953, 2.9351, 1.1508, 1.916201, 1.0327, 1.0565, 1.3109, 1.0316, 1.0499, 3.3039, 0.9697999, 1.3299, 1.1305, 1.1542, 1.1696, 1.1836, 7.616496, 1.4744, 2.5873, 3.234501, 1.6883, 1.9622, 1.1345, 1.2075, 1.1581, 0.9491, 0.9881999, 1.614, 1.1003, 1.2053, 1.9937, 1.2818, 0.9943001, 1.6245, 4.3021, 1.1451, 1.404, 1.5491, 1.855901, 1.1967, 1.4388, 1.1476, 1.2114, 1.1545, 1.5294, 6.231801, 2.8417, 1.1463, 0.9755, 1.6454, 2.293501, 4.867201, 4.1482, 2.1768, 0.9301, 1.1021, 1.0942, 0.9258001, 1.1986, 1.5263, 1.0634, 0.9523, 1.8319, 1.1443, 0.9811001, 1.048, 1.1304, 0.9167999, 0.931, 1.2982, 10.4572, 4.179001, 1.0489, 0.7009001, 0.8487, 0.7387, 1.5642, 1.1166, 5.448699, 2.0978, 1.1331, 3.0854, 5.338599, 5.039598, 1.2627, 2.0512, 6.1976, 1.3769, 3.1911, 3.076701, 2.078799, 1.5944, 0.8305998, 1.1359, 1.0023, 0.9322001, 1.4819, 1.1047, 0.8684, 1.2105, 1.3012, 0.9603999, 1.0064, 3.4433, 1.326, 1.9195, 1.2291, 3.683499, 3.1253, 1.8196, 1.0965, 3.7888, 2.0519, 2.0436, 5.288798, 3.3949, 1.9353, 1.2857, 1.5331, 2.613401, 1.3215, 1.1963, 1.6377, 1.9123, 1.6062, 1.2448, 1.599, 1.7684, 1.6915, 1.1069, 1.75, 4.721298, 1.2364, 1.3171, 2.4318, 1.2475, 1.0699, 1.1976, 1.7022, 1.6793, 1.7004, 2.5986, 1.022, 1.0248, 5.301798, 2.5249, 3.9075, 1.7982, 4.848098, 1.367, 1.5178, 2.6352, 1.1137, 1.0998, 1.3185, 1.338, 1.2155, 1.1483, 1.3664, 4.3037, 0.9607, 0.7627002, 1.1499, 1.0906, 0.9819999, 1.3984, 4.602899, 1.2361, 0.9553, 1.6556, 1.2103, 1.1299, 1.6109, 12.33051, 1.3999, 1.4167, 1.806, 4.5497, 1.0903, 4.0232, 1.1669, 1.1837, 1.1209, 1.081, 2.056401, 0.94, 3.984799, 10.7282, 1.2211, 0.8882999, 1.2163, 1.1209, 1.4469, 1.0446, 1.0573, 1.2272, 0.9518998, 0.7659, 1.1342, 1.282, 0.8561, 1.1926, 3.989999, 1.9411, 1.5106, 1.917, 6.202896, 0.9967999, 0.7846999, 1.6994, 1.9485, 1.0781, 1.5286, 1.4093, 2.14, 0.9995999, 1.7106, 18.0855, 1.6195, 1.2808, 1.0332, 0.7700999, 1.1809]",317,17.85,2.2910277025236594,math,19,0.8947368421052632,2.377496631578948,"[3.022693, 1.8738332083333331, 2.591281583333333, 1.8230583333333332, 2.0988634545454548, 2.377496631578948]",draw,20,19.5,7.036273999999998,"[0.975, 1.0, 0.95, 0.8875, 0.8625, 0.975, 1.0]",0.975,0.95,7.242350299999998,"[6.5198, 10.4134, 5.2047, 4.960033, 5.965501, 8.264635, 11.1578, 10.82344, 6.6825, 4.633433, 4.1094, 7.035101, 5.7903, 18.26363, 6.1141, 4.368933, 4.807598, 8.276301, 5.948902, 5.507499]",NA,uncollected,2.2910277025236594
8,995467-826716,2,1,1,stroop,16,0.9375,2.5669991874999996,"[1.980618545454545, 1.4374709709677422, 2.5669991874999996]",draw,20,18.0,10.129020176470588,"[0.825, 0.975, 0.95, 0.85, 0.975, 0.875, 0.9]",0.9,0.85,11.777013800000002,"[12.94901, 16.48203, 10.76901, 9.985013, 8.700006]",NA,uncollected,11.777013800000002,math,12,0.8333333333333334,3.5814989166666673,"[4.031236444444445, 2.5642833333333335, 1.7939128421052628, 2.241800066666667, 3.5814989166666673]",draw,20,19.0,9.47578527777778,"[0.95, 0.9625, 0.9625, 0.8125, 0.95]",0.95,0.9,9.823744947368422,"[11.951, 7.553009, 13.98201, 8.833008, 9.717009, 15.28402, 9.169008, 8.634008, 7.701007, 7.001002, 10.38601, 13.61801, 7.817006, 6.500004, 7.684007, 16.23302, 7.052003, 6.319003, 11.21701]",NA,uncollected,9.823744947368422,stroop,21,0.9047619047619048,2.178903857142857,"[1.5328173733333335, 1.369278818181818, 2.178903857142857]",draw,20,20.0,9.18510725,"[0.975, 1.0, 0.95, 0.8875, 0.8625, 0.975, 1.0]",1.0,1.0,9.18510725,"[7.871006, 5.636002, 11.74801, 6.969002, 6.07, 9.983007, 14.61701, 16.68303, 9.765011, 8.851007, 13.65001, 6.535002, 7.769007, 9.035008, 6.769003, 13.78001, 6.567003, 7.034004, 7.848007, 6.522006]",NA,uncollected,9.823744947368422
